<?xml version="1.0" encoding="UTF-8"?>
<beans xmlns="http://www.springframework.org/schema/beans"
	xmlns:xsi="http://www.w3.org/2001/XMLSchema-instance" xmlns:context="http://www.springframework.org/schema/context"
	xmlns:task="http://www.springframework.org/schema/task"
	xsi:schemaLocation="http://www.springframework.org/schema/beans  
    http://www.springframework.org/schema/beans/spring-beans-2.5.xsd  
    http://www.springframework.org/schema/context  
    http://www.springframework.org/schema/context/spring-context-2.5.xsd
    http://www.springframework.org/schema/task
	http://www.springframework.org/schema/task/spring-task.xsd"
	default-lazy-init="false">

	<context:annotation-config />
	<context:component-scan base-package="com.xiaomi.migc.sdk" />
	<bean class="com.xiaomi.huyu.blink.scanner.spring.BlinkServiceBeanFactory" />

	<bean
		class="net.paoding.rose.jade.context.spring.JadeBeanFactoryPostProcessor" />
	<bean id="jade.dataSourceFactory"
		class="com.xiaomi.bmw.jade.route.database.JadeDataSourceFactory"></bean>
	<bean id="jade.tableRouteInterpreter" class="com.xiaomi.bmw.jade.route.table.TableRouteInterpreter"></bean>
	 <bean id="genericObjectPoolConfig" class="org.apache.commons.pool2.impl.GenericObjectPoolConfig">
        <property name="maxTotal"  value="200" />
        <property name="maxIdle"   value="10" />
        <property name="maxWaitMillis" value="1000" />
        <property name="testOnBorrow" value="false"/>
    </bean>
	<!-- jedisCluster config-->
	<bean id="jedisCluster"  class="com.xiaomi.migc.sdk.common.redis.JedisClusterFactory" >
		<property name="addressConfig">
			<value>${redis_cluster_config_path}</value>
		</property>
		<property name="addressKeyPrefix" value="cluster" />
		<property name="timeout" value="3000" />
		<property name="maxRedirections" value="6" />
		<property name="poolConfig" ref="genericObjectPoolConfig" />
	</bean>
	<bean id="redisClusterClient" class="com.xiaomi.migc.sdk.common.redis.RedisClusterClient">
		<constructor-arg index="0" ref="jedisCluster" />
	</bean>
    
    <bean id="jedisPool" class="redis.clients.jedis.JedisPool">
		<constructor-arg index="0" ref="genericObjectPoolConfig" />
		<constructor-arg index="1" value="${redis_host}" />
		<constructor-arg index="2" value="${redis_port}" />
		<constructor-arg index="3" value="5000" />
		<!--  
		<constructor-arg index="4" value="${redis_pwd}" />-->
	</bean>
	<bean id="redisClient" class="com.xiaomi.migc.sdk.common.redis.RedisClient">
        <property name="jedisPool"  ref="jedisPool" />
    </bean>
</beans>

