<?xml version="1.0" encoding="UTF-8"?>
<!DOCTYPE log4j:configuration SYSTEM "log4j.dtd">
<log4j:configuration xmlns:log4j="http://jakarta.apache.org/log4j/">
	<appender name="stdout" class="org.apache.log4j.ConsoleAppender">
		<param name="Target" value="System.out" />
		<layout class="org.apache.log4j.PatternLayout">
			<param name="ConversionPattern" value="%d{yyyy-MM-dd HH:mm:ss}\t%p\t%m%n" />
		</layout>
	</appender>
	
	<appender name="file" class="com.xiaomi.miliao.logging.DailyRollingBySizeFileAppender">
		<param name="File" value="/home/work/log/migc-sdk-account/migc-sdk-account.log" />
		<param name="DatePattern" value=".yyyy-MM-dd-HH" />
		<param name="MaxFileSize" value="500MB" />
		<param name="MaxBackupIndex" value="300" />
		<layout class="org.apache.log4j.PatternLayout">
			<param name="ConversionPattern" value="%d{yyyy-MM-dd HH:mm:ss}\t%p\t%m%n" />
		</layout>
	</appender>
	<appender name="lcsLogin" class="com.xiaomi.miliao.logging.DailyRollingBySizeFileAppender">
		<param name="File" value="/home/work/log/migc-sdk-account/lcs/lcs-login.log" />
		<param name="DatePattern" value=".yyyy-MM-dd-HH" />
		<param name="MaxFileSize" value="500MB" />
		<param name="MaxBackupIndex" value="300" />
		<layout class="org.apache.log4j.PatternLayout">
			<param name="ConversionPattern" value="%d{yyyy-MM-dd HH:mm:ss}\t%p\t%m%n" />
		</layout>
	</appender>
	<appender name="orderVerify" class="com.xiaomi.miliao.logging.DailyRollingBySizeFileAppender">
		<param name="File" value="/home/work/log/migc-sdk-account/order/order-verify.log" />
		<param name="DatePattern" value=".yyyy-MM-dd-HH" />
		<param name="MaxFileSize" value="500MB" />
		<param name="MaxBackupIndex" value="300" />
		<layout class="org.apache.log4j.PatternLayout">
			<param name="ConversionPattern" value="%d{yyyy-MM-dd HH:mm:ss}\t%p\t%m%n" />
		</layout>
	</appender>
	<appender name="serviceToken" class="com.xiaomi.miliao.logging.DailyRollingBySizeFileAppender">
		<param name="File" value="/home/work/log/migc-sdk-account/st/service-token.log" />
		<param name="DatePattern" value=".yyyy-MM-dd-HH" />
		<param name="MaxFileSize" value="500MB" />
		<param name="MaxBackupIndex" value="300" />
		<layout class="org.apache.log4j.PatternLayout">
			<param name="ConversionPattern" value="%d{yyyy-MM-dd HH:mm:ss}\t%p\t%m%n" />
		</layout>
	</appender>
	<appender name="anonymousLogin" class="com.xiaomi.miliao.logging.DailyRollingBySizeFileAppender">
		<param name="File" value="/home/work/log/migc-sdk-account/login/anonymous-login.log" />
		<param name="DatePattern" value=".yyyy-MM-dd-HH" />
		<param name="MaxFileSize" value="500MB" />
		<param name="MaxBackupIndex" value="300" />
		<layout class="org.apache.log4j.PatternLayout">
			<param name="ConversionPattern" value="%d{yyyy-MM-dd HH:mm:ss}\t%p\t%m%n" />
		</layout>
	</appender>
	<!--LCSThriftAppender-->
	<appender name="LCSThrift" class="com.xiaomi.infra.galaxy.lcs.log.log4j.appender.LCSThriftAppender">
		<!-- layout class must be set and can not change -->
		<layout class="com.xiaomi.infra.galaxy.lcs.log.log4j.layout.LCSMessageLayout" />
		<param name="blockWhenBufferFull" value="false" />
	</appender>

	<logger name="com.xiaomi.infra.galaxy.lcs.log.log4j.LCSLogger" additivity="false">
		<level value="info" />
		<appender-ref ref="LCSThrift" />
	</logger>

	<!-- the logger blew is used for LCSLogger itself log, you should add this -->

	<appender name="LCS_SELF_APPENDER" class="org.apache.log4j.RollingFileAppender">
		<param name="File" value="/home/work/log/migc-sdk-account/thrift_appender.log" />
		<param name="DatePattern" value="'.'yyyy-MM-dd" />
		<param name="Append" value="true" />
		<param name="MaxFileSize" value="100MB" />
		<param name="MaxBackupIndex" value="10" />
		<layout class="org.apache.log4j.PatternLayout">
			<param name="ConversionPattern" value="%d{yyyy-MM-dd,HH:mm:ss,SSS} {%t} [%p] %c: %m%n" />
		</layout>
	</appender>
	<appender name="ASYNC_LCS_SELF_APPENDER" class="org.apache.log4j.AsyncAppender">
		<param name="BufferSize" value="500" />
		<param name="Blocking" value="false" />
		<appender-ref ref="LCS_SELF_APPENDER"/>
	</appender>
	<logger name="com.xiaomi.infra.galaxy.lcs.log.log4j.appender.LCSThriftAppender" additivity="false">
		<level value="info" />
		<appender-ref ref="ASYNC_LCS_SELF_APPENDER" />
	</logger>

	<logger name="com.xiaomi.migc.sdk" additivity="false">
		<level value="info" />
		<appender-ref ref="file" />
	</logger>
	
	<logger name="net.paoding.rose" additivity="false">
		<level value="info" />
		<appender-ref ref="file" />
	</logger>

	<logger name="com.xiaomi.miliao.mlb" additivity="false">
		<level value="warn"/>
		<appender-ref ref="file"/>
	</logger>

	<logger name="lcsLoginLogger" additivity="false">
		<level value="info"/>
		<appender-ref ref="lcsLogin"/>
	</logger>
	<logger name="anonymousLoginLogger" additivity="false">
		<level value="info"/>
		<appender-ref ref="anonymousLogin"/>
	</logger>
	<logger name="orderVerifyLogger" additivity="false">
		<level value="info"/>
		<appender-ref ref="orderVerify"/>
	</logger>

	<logger name="serviceTokenLogger" additivity="false">
		<level value="info"/>
		<appender-ref ref="serviceToken"/>
	</logger>
	<root>
		<level value="info" />
		<appender-ref ref="file" />
	</root>
</log4j:configuration>